{"cameraMode":{"drawMode":0,"name":"Shaded","section":"Shading Mode"},"sceneLighting":true,"audioPlay":false,"sceneViewState":{"m_AlwaysRefresh":false,"showFog":true,"showSkybox":true,"showFlares":true,"showImageEffects":true,"showParticleSystems":true,"showVisualEffectGraphs":true,"m_FxEnabled":true},"in2DMode":false,"pivot":{"x":-17.54176139831543,"y":1.309999942779541,"z":0.5799999237060547},"rotation":{"x":0.03403040021657944,"y":0.9289461970329285,"z":-0.3579564690589905,"w":0.08834567666053772},"size":1.7320507764816285,"orthographic":false}