{"cameraMode":{"drawMode":0,"name":"Shaded","section":"Shading Mode"},"sceneLighting":true,"audioPlay":false,"sceneViewState":{"m_AlwaysRefresh":false,"showFog":true,"showSkybox":true,"showFlares":true,"showImageEffects":true,"showParticleSystems":true,"showVisualEffectGraphs":true,"m_FxEnabled":true},"in2DMode":false,"pivot":{"x":-15.061121940612793,"y":0.46507397294044497,"z":-0.47322988510131838},"rotation":{"x":0.07312782108783722,"y":0.9258723258972168,"z":-0.28367069363594057,"w":0.23869846761226655},"size":0.8660253882408142,"orthographic":false}