{"cameraMode":{"drawMode":0,"name":"Shaded","section":"Shading Mode"},"sceneLighting":false,"audioPlay":false,"sceneViewState":{"m_AlwaysRefresh":false,"showFog":true,"showSkybox":false,"showFlares":true,"showImageEffects":true,"showParticleSystems":true,"showVisualEffectGraphs":true,"m_FxEnabled":true},"in2DMode":false,"pivot":{"x":0.15000000596046449,"y":0.6800000071525574,"z":1.0099999904632569},"rotation":{"x":-0.10583124309778214,"y":-0.7255556583404541,"z":0.11456017941236496,"w":-0.6702656149864197},"size":0.18848314881324769,"orthographic":false}